{
	"width": 1280,
	"height": 720,
	"fps": 10,
	"main": "./script/aez_bundle_main.js",
	"assets": {
		"main1": {
			"type": "image",
			"width": 595,
			"height": 612,
			"path": "files/4138ef5035c59980f1f1.jpg",
			"hint": {
				"untainted": true
			},
			"virtualPath": "image/main[1].jpg"
		},
		"main2": {
			"type": "image",
			"width": 595,
			"height": 612,
			"path": "files/d11317bcd0f8f2cec71a.jpg",
			"hint": {
				"untainted": true
			},
			"virtualPath": "image/main[2].jpg"
		},
		"main3": {
			"type": "image",
			"width": 595,
			"height": 612,
			"path": "files/f85dcf4186605791702e.jpg",
			"hint": {
				"untainted": true
			},
			"virtualPath": "image/main[3].jpg"
		},
		"main4": {
			"type": "image",
			"width": 595,
			"height": 612,
			"path": "files/b6cf1cb6b89924210ecd.jpg",
			"hint": {
				"untainted": true
			},
			"virtualPath": "image/main[4].jpg"
		},
		"main5": {
			"type": "image",
			"width": 595,
			"height": 612,
			"path": "files/9a8edf288e7eb5706677.jpg",
			"hint": {
				"untainted": true
			},
			"virtualPath": "image/main[5].jpg"
		},
		"main6": {
			"type": "image",
			"width": 595,
			"height": 612,
			"path": "files/abfbc9c2f5fd09171a5d.jpg",
			"hint": {
				"untainted": true
			},
			"virtualPath": "image/main[6].jpg"
		},
		"main7": {
			"type": "image",
			"width": 595,
			"height": 612,
			"path": "files/cbb79d51ff80dd1794c5.jpg",
			"hint": {
				"untainted": true
			},
			"virtualPath": "image/main[7].jpg"
		},
		"main8": {
			"type": "image",
			"width": 595,
			"height": 612,
			"path": "files/3ffc94d5e23c55f5643d.jpg",
			"hint": {
				"untainted": true
			},
			"virtualPath": "image/main[8].jpg"
		},
		"main9": {
			"type": "image",
			"width": 595,
			"height": 612,
			"path": "files/073b3a0ff18543f891e0.jpg",
			"hint": {
				"untainted": true
			},
			"virtualPath": "image/main[9].jpg"
		},
		"main10": {
			"type": "image",
			"width": 595,
			"height": 612,
			"path": "files/63258f07d5f4b4205546.jpg",
			"hint": {
				"untainted": true
			},
			"virtualPath": "image/main[10].jpg"
		},
		"main11": {
			"type": "image",
			"width": 595,
			"height": 612,
			"path": "files/9f10ca9a031a956a18b4.jpg",
			"hint": {
				"untainted": true
			},
			"virtualPath": "image/main[11].jpg"
		},
		"main12": {
			"type": "image",
			"width": 595,
			"height": 612,
			"path": "files/72d37156d8c91fa969bc.jpg",
			"hint": {
				"untainted": true
			},
			"virtualPath": "image/main[12].jpg"
		},
		"main13": {
			"type": "image",
			"width": 595,
			"height": 612,
			"path": "files/4d15f680bcc80de7a6e4.jpg",
			"hint": {
				"untainted": true
			},
			"virtualPath": "image/main[13].jpg"
		},
		"main14": {
			"type": "image",
			"width": 595,
			"height": 612,
			"path": "files/c0a2f809356fbaec27c7.jpg",
			"hint": {
				"untainted": true
			},
			"virtualPath": "image/main[14].jpg"
		},
		"main15": {
			"type": "image",
			"width": 595,
			"height": 612,
			"path": "files/e5d2c9de088435b83bd5.jpg",
			"hint": {
				"untainted": true
			},
			"virtualPath": "image/main[15].jpg"
		},
		"main16": {
			"type": "image",
			"width": 595,
			"height": 612,
			"path": "files/a704f563e63fa141c243.jpg",
			"hint": {
				"untainted": true
			},
			"virtualPath": "image/main[16].jpg"
		},
		"main17": {
			"type": "image",
			"width": 595,
			"height": 612,
			"path": "files/28e27391d0aa0894bf80.jpg",
			"hint": {
				"untainted": true
			},
			"virtualPath": "image/main[17].jpg"
		},
		"main18": {
			"type": "image",
			"width": 595,
			"height": 612,
			"path": "files/064f91b30a47dbfba597.jpg",
			"hint": {
				"untainted": true
			},
			"virtualPath": "image/main[18].jpg"
		},
		"main19": {
			"type": "image",
			"width": 595,
			"height": 612,
			"path": "files/842b716edb3f38e37752.jpg",
			"hint": {
				"untainted": true
			},
			"virtualPath": "image/main[19].jpg"
		},
		"main20": {
			"type": "image",
			"width": 595,
			"height": 612,
			"path": "files/87c4dffb008a6bfc4026.jpg",
			"hint": {
				"untainted": true
			},
			"virtualPath": "image/main[20].jpg"
		},
		"main21": {
			"type": "image",
			"width": 595,
			"height": 612,
			"path": "files/9cf356e4fe3c96f364e0.jpg",
			"hint": {
				"untainted": true
			},
			"virtualPath": "image/main[21].jpg"
		},
		"main22": {
			"type": "image",
			"width": 595,
			"height": 612,
			"path": "files/759cf35294ef7b12ba92.jpg",
			"hint": {
				"untainted": true
			},
			"virtualPath": "image/main[22].jpg"
		},
		"main23": {
			"type": "image",
			"width": 595,
			"height": 612,
			"path": "files/7ab3a4312c7bc7cb5963.jpg",
			"hint": {
				"untainted": true
			},
			"virtualPath": "image/main[23].jpg"
		},
		"main24": {
			"type": "image",
			"width": 595,
			"height": 612,
			"path": "files/d197dd5697474b4f1a11.jpg",
			"hint": {
				"untainted": true
			},
			"virtualPath": "image/main[24].jpg"
		},
		"main25": {
			"type": "image",
			"width": 595,
			"height": 612,
			"path": "files/19de7ff66bfc965ee317.jpg",
			"hint": {
				"untainted": true
			},
			"virtualPath": "image/main[25].jpg"
		},
		"main26": {
			"type": "image",
			"width": 595,
			"height": 612,
			"path": "files/5bd93ee7d3416ac86cbe.jpg",
			"hint": {
				"untainted": true
			},
			"virtualPath": "image/main[26].jpg"
		},
		"main27": {
			"type": "image",
			"width": 595,
			"height": 612,
			"path": "files/cb193c6c75629a91bf84.jpg",
			"hint": {
				"untainted": true
			},
			"virtualPath": "image/main[27].jpg"
		},
		"main28": {
			"type": "image",
			"width": 595,
			"height": 612,
			"path": "files/af8e151da6c768282035.jpg",
			"hint": {
				"untainted": true
			},
			"virtualPath": "image/main[28].jpg"
		},
		"main29": {
			"type": "image",
			"width": 595,
			"height": 612,
			"path": "files/427c3a5a8270e784977f.jpg",
			"hint": {
				"untainted": true
			},
			"virtualPath": "image/main[29].jpg"
		},
		"main30": {
			"type": "image",
			"width": 595,
			"height": 612,
			"path": "files/1a0ae1a158755f0cdc4d.jpg",
			"hint": {
				"untainted": true
			},
			"virtualPath": "image/main[30].jpg"
		},
		"main31": {
			"type": "image",
			"width": 595,
			"height": 612,
			"path": "files/6f0041416421229a6c43.jpg",
			"hint": {
				"untainted": true
			},
			"virtualPath": "image/main[31].jpg"
		},
		"main32": {
			"type": "image",
			"width": 595,
			"height": 612,
			"path": "files/6806de91f90cd1ce7217.jpg",
			"hint": {
				"untainted": true
			},
			"virtualPath": "image/main[32].jpg"
		},
		"main33": {
			"type": "image",
			"width": 595,
			"height": 612,
			"path": "files/ffd38b3b948ee0f89ad6.jpg",
			"hint": {
				"untainted": true
			},
			"virtualPath": "image/main[33].jpg"
		},
		"main34": {
			"type": "image",
			"width": 595,
			"height": 612,
			"path": "files/96034973ae5189956be2.jpg",
			"hint": {
				"untainted": true
			},
			"virtualPath": "image/main[34].jpg"
		},
		"main35": {
			"type": "image",
			"width": 595,
			"height": 612,
			"path": "files/6a4ed9cc51046195feef.jpg",
			"hint": {
				"untainted": true
			},
			"virtualPath": "image/main[35].jpg"
		},
		"main36": {
			"type": "image",
			"width": 595,
			"height": 612,
			"path": "files/a5e6e8131df2a5cee031.jpg",
			"hint": {
				"untainted": true
			},
			"virtualPath": "image/main[36].jpg"
		},
		"main37": {
			"type": "image",
			"width": 595,
			"height": 612,
			"path": "files/37a861892ce950a35a54.jpg",
			"hint": {
				"untainted": true
			},
			"virtualPath": "image/main[37].jpg"
		},
		"main38": {
			"type": "image",
			"width": 595,
			"height": 612,
			"path": "files/49950eb3fd7c7eb6a82b.jpg",
			"hint": {
				"untainted": true
			},
			"virtualPath": "image/main[38].jpg"
		},
		"main39": {
			"type": "image",
			"width": 595,
			"height": 612,
			"path": "files/e4c44adb22d0827277fd.jpg",
			"hint": {
				"untainted": true
			},
			"virtualPath": "image/main[39].jpg"
		},
		"main40": {
			"type": "image",
			"width": 595,
			"height": 612,
			"path": "files/4b597d2ced1d358e98ec.jpg",
			"hint": {
				"untainted": true
			},
			"virtualPath": "image/main[40].jpg"
		},
		"main41": {
			"type": "image",
			"width": 595,
			"height": 612,
			"path": "files/2485062f842b6d014a63.jpg",
			"hint": {
				"untainted": true
			},
			"virtualPath": "image/main[41].jpg"
		},
		"main42": {
			"type": "image",
			"width": 595,
			"height": 612,
			"path": "files/29429e70538c3755e788.jpg",
			"hint": {
				"untainted": true
			},
			"virtualPath": "image/main[42].jpg"
		},
		"main43": {
			"type": "image",
			"width": 595,
			"height": 612,
			"path": "files/7de9e2312a55906a5c9a.jpg",
			"hint": {
				"untainted": true
			},
			"virtualPath": "image/main[43].jpg"
		},
		"main44": {
			"type": "image",
			"width": 595,
			"height": 612,
			"path": "files/95595bd41ac9ea75b558.jpg",
			"hint": {
				"untainted": true
			},
			"virtualPath": "image/main[44].jpg"
		},
		"main45": {
			"type": "image",
			"width": 595,
			"height": 612,
			"path": "files/cb80854a4c038ab381b7.jpg",
			"hint": {
				"untainted": true
			},
			"virtualPath": "image/main[45].jpg"
		},
		"main46": {
			"type": "image",
			"width": 595,
			"height": 612,
			"path": "files/07f5ace7c4332adf09f5.jpg",
			"hint": {
				"untainted": true
			},
			"virtualPath": "image/main[46].jpg"
		},
		"main47": {
			"type": "image",
			"width": 595,
			"height": 612,
			"path": "files/2af415143f15b4fb37d0.jpg",
			"hint": {
				"untainted": true
			},
			"virtualPath": "image/main[47].jpg"
		},
		"main48": {
			"type": "image",
			"width": 595,
			"height": 612,
			"path": "files/09677382eba7eb319d9a.jpg",
			"hint": {
				"untainted": true
			},
			"virtualPath": "image/main[48].jpg"
		},
		"main49": {
			"type": "image",
			"width": 595,
			"height": 612,
			"path": "files/a1ed164d3a5993c7b8ed.jpg",
			"hint": {
				"untainted": true
			},
			"virtualPath": "image/main[49].jpg"
		},
		"main50": {
			"type": "image",
			"width": 595,
			"height": 612,
			"path": "files/e2c5c8315ef4cfa9ac6a.jpg",
			"hint": {
				"untainted": true
			},
			"virtualPath": "image/main[50].jpg"
		},
		"main51": {
			"type": "image",
			"width": 595,
			"height": 612,
			"path": "files/a7f6bdc225a357ac6b08.jpg",
			"hint": {
				"untainted": true
			},
			"virtualPath": "image/main[51].jpg"
		},
		"main52": {
			"type": "image",
			"width": 595,
			"height": 612,
			"path": "files/125d6095e9ab3d7a1181.jpg",
			"hint": {
				"untainted": true
			},
			"virtualPath": "image/main[52].jpg"
		},
		"main53": {
			"type": "image",
			"width": 595,
			"height": 612,
			"path": "files/0cb4a510fb0fb9ce8e4a.jpg",
			"hint": {
				"untainted": true
			},
			"virtualPath": "image/main[53].jpg"
		},
		"main54": {
			"type": "image",
			"width": 595,
			"height": 612,
			"path": "files/60ae7833b5605025a72e.jpg",
			"hint": {
				"untainted": true
			},
			"virtualPath": "image/main[54].jpg"
		},
		"main55": {
			"type": "image",
			"width": 595,
			"height": 612,
			"path": "files/32158ad4e7939a06e74f.jpg",
			"hint": {
				"untainted": true
			},
			"virtualPath": "image/main[55].jpg"
		},
		"main56": {
			"type": "image",
			"width": 595,
			"height": 612,
			"path": "files/4fe1c54b309e112dd0eb.jpg",
			"hint": {
				"untainted": true
			},
			"virtualPath": "image/main[56].jpg"
		},
		"main57": {
			"type": "image",
			"width": 595,
			"height": 612,
			"path": "files/d48490f885f7d7a28514.jpg",
			"hint": {
				"untainted": true
			},
			"virtualPath": "image/main[57].jpg"
		},
		"main58": {
			"type": "image",
			"width": 595,
			"height": 612,
			"path": "files/d55049e75f4adb49c179.jpg",
			"hint": {
				"untainted": true
			},
			"virtualPath": "image/main[58].jpg"
		},
		"main59": {
			"type": "image",
			"width": 595,
			"height": 612,
			"path": "files/acf4af23bb5417883af8.jpg",
			"hint": {
				"untainted": true
			},
			"virtualPath": "image/main[59].jpg"
		},
		"main60": {
			"type": "image",
			"width": 595,
			"height": 612,
			"path": "files/8a17bee37aa144378f8c.jpg",
			"hint": {
				"untainted": true
			},
			"virtualPath": "image/main[60].jpg"
		},
		"main61": {
			"type": "image",
			"width": 595,
			"height": 612,
			"path": "files/4c20eebb40d39da03125.jpg",
			"hint": {
				"untainted": true
			},
			"virtualPath": "image/main[61].jpg"
		},
		"main62": {
			"type": "image",
			"width": 595,
			"height": 612,
			"path": "files/1b90e86ecd8e68ab2553.jpg",
			"hint": {
				"untainted": true
			},
			"virtualPath": "image/main[62].jpg"
		},
		"main63": {
			"type": "image",
			"width": 595,
			"height": 612,
			"path": "files/d3004b756a685792d2e5.jpg",
			"hint": {
				"untainted": true
			},
			"virtualPath": "image/main[63].jpg"
		},
		"main64": {
			"type": "image",
			"width": 595,
			"height": 612,
			"path": "files/0f0c35836a5b1b495be0.jpg",
			"hint": {
				"untainted": true
			},
			"virtualPath": "image/main[64].jpg"
		},
		"main65": {
			"type": "image",
			"width": 595,
			"height": 612,
			"path": "files/a0e787150fd77e98abf5.jpg",
			"hint": {
				"untainted": true
			},
			"virtualPath": "image/main[65].jpg"
		},
		"main66": {
			"type": "image",
			"width": 595,
			"height": 612,
			"path": "files/71396fd41e2c3035f93d.jpg",
			"hint": {
				"untainted": true
			},
			"virtualPath": "image/main[66].jpg"
		},
		"main67": {
			"type": "image",
			"width": 595,
			"height": 612,
			"path": "files/6ab061b58c125c1505e6.jpg",
			"hint": {
				"untainted": true
			},
			"virtualPath": "image/main[67].jpg"
		},
		"aez_bundle_main": {
			"type": "script",
			"global": true,
			"path": "files/f086925699839f7a9594.js",
			"virtualPath": "script/aez_bundle_main.js"
		}
	},
	"moduleMainScripts": {},
	"environment": {
		"sandbox-runtime": "3",
		"nicolive": {
			"supportedModes": [
				"ranking"
			],
			"preferredSessionParameters": {
				"totalTimeLimit": 20
			}
		},
		"external": {
			"send": "0"
		},
		"akashic-runtime": {
			"version": "~3.7.19-0",
			"flavor": "-canvas"
		}
	},
	"exportZipInfo": {
		"version": "1.8.38",
		"option": {
			"strip": true,
			"babel": true,
			"hashFilename": true,
			"targetService": "nicolive",
			"nicolive": true
		}
	},
	"globalScripts": []
}