{
	"width": 1280,
	"height": 720,
	"fps": 10,
	"main": "./script/aez_bundle_main.js",
	"assets": {
		"main1": {
			"type": "image",
			"width": 700,
			"height": 720,
			"path": "files/4138ef5035c59980f1f1.jpg",
			"hint": {
				"untainted": true
			},
			"virtualPath": "image/main[1].jpg"
		},
		"main2": {
			"type": "image",
			"width": 700,
			"height": 720,
			"path": "files/d11317bcd0f8f2cec71a.jpg",
			"hint": {
				"untainted": true
			},
			"virtualPath": "image/main[2].jpg"
		},
		"main3": {
			"type": "image",
			"width": 700,
			"height": 720,
			"path": "files/f85dcf4186605791702e.jpg",
			"hint": {
				"untainted": true
			},
			"virtualPath": "image/main[3].jpg"
		},
		"main4": {
			"type": "image",
			"width": 700,
			"height": 720,
			"path": "files/b6cf1cb6b89924210ecd.jpg",
			"hint": {
				"untainted": true
			},
			"virtualPath": "image/main[4].jpg"
		},
		"main5": {
			"type": "image",
			"width": 700,
			"height": 720,
			"path": "files/9a8edf288e7eb5706677.jpg",
			"hint": {
				"untainted": true
			},
			"virtualPath": "image/main[5].jpg"
		},
		"main6": {
			"type": "image",
			"width": 700,
			"height": 720,
			"path": "files/abfbc9c2f5fd09171a5d.jpg",
			"hint": {
				"untainted": true
			},
			"virtualPath": "image/main[6].jpg"
		},
		"main7": {
			"type": "image",
			"width": 700,
			"height": 720,
			"path": "files/cbb79d51ff80dd1794c5.jpg",
			"hint": {
				"untainted": true
			},
			"virtualPath": "image/main[7].jpg"
		},
		"main8": {
			"type": "image",
			"width": 700,
			"height": 720,
			"path": "files/3ffc94d5e23c55f5643d.jpg",
			"hint": {
				"untainted": true
			},
			"virtualPath": "image/main[8].jpg"
		},
		"main9": {
			"type": "image",
			"width": 700,
			"height": 720,
			"path": "files/073b3a0ff18543f891e0.jpg",
			"hint": {
				"untainted": true
			},
			"virtualPath": "image/main[9].jpg"
		},
		"main10": {
			"type": "image",
			"width": 700,
			"height": 720,
			"path": "files/63258f07d5f4b4205546.jpg",
			"hint": {
				"untainted": true
			},
			"virtualPath": "image/main[10].jpg"
		},
		"main11": {
			"type": "image",
			"width": 700,
			"height": 720,
			"path": "files/9f10ca9a031a956a18b4.jpg",
			"hint": {
				"untainted": true
			},
			"virtualPath": "image/main[11].jpg"
		},
		"main12": {
			"type": "image",
			"width": 700,
			"height": 720,
			"path": "files/72d37156d8c91fa969bc.jpg",
			"hint": {
				"untainted": true
			},
			"virtualPath": "image/main[12].jpg"
		},
		"main13": {
			"type": "image",
			"width": 700,
			"height": 720,
			"path": "files/4d15f680bcc80de7a6e4.jpg",
			"hint": {
				"untainted": true
			},
			"virtualPath": "image/main[13].jpg"
		},
		"main14": {
			"type": "image",
			"width": 700,
			"height": 720,
			"path": "files/c0a2f809356fbaec27c7.jpg",
			"hint": {
				"untainted": true
			},
			"virtualPath": "image/main[14].jpg"
		},
		"main15": {
			"type": "image",
			"width": 700,
			"height": 720,
			"path": "files/e5d2c9de088435b83bd5.jpg",
			"hint": {
				"untainted": true
			},
			"virtualPath": "image/main[15].jpg"
		},
		"main16": {
			"type": "image",
			"width": 700,
			"height": 720,
			"path": "files/a704f563e63fa141c243.jpg",
			"hint": {
				"untainted": true
			},
			"virtualPath": "image/main[16].jpg"
		},
		"main17": {
			"type": "image",
			"width": 700,
			"height": 720,
			"path": "files/28e27391d0aa0894bf80.jpg",
			"hint": {
				"untainted": true
			},
			"virtualPath": "image/main[17].jpg"
		},
		"main18": {
			"type": "image",
			"width": 700,
			"height": 720,
			"path": "files/064f91b30a47dbfba597.jpg",
			"hint": {
				"untainted": true
			},
			"virtualPath": "image/main[18].jpg"
		},
		"main19": {
			"type": "image",
			"width": 700,
			"height": 720,
			"path": "files/842b716edb3f38e37752.jpg",
			"hint": {
				"untainted": true
			},
			"virtualPath": "image/main[19].jpg"
		},
		"main20": {
			"type": "image",
			"width": 700,
			"height": 720,
			"path": "files/87c4dffb008a6bfc4026.jpg",
			"hint": {
				"untainted": true
			},
			"virtualPath": "image/main[20].jpg"
		},
		"main21": {
			"type": "image",
			"width": 700,
			"height": 720,
			"path": "files/9cf356e4fe3c96f364e0.jpg",
			"hint": {
				"untainted": true
			},
			"virtualPath": "image/main[21].jpg"
		},
		"main22": {
			"type": "image",
			"width": 700,
			"height": 720,
			"path": "files/759cf35294ef7b12ba92.jpg",
			"hint": {
				"untainted": true
			},
			"virtualPath": "image/main[22].jpg"
		},
		"main23": {
			"type": "image",
			"width": 700,
			"height": 720,
			"path": "files/7ab3a4312c7bc7cb5963.jpg",
			"hint": {
				"untainted": true
			},
			"virtualPath": "image/main[23].jpg"
		},
		"main24": {
			"type": "image",
			"width": 700,
			"height": 720,
			"path": "files/d197dd5697474b4f1a11.jpg",
			"hint": {
				"untainted": true
			},
			"virtualPath": "image/main[24].jpg"
		},
		"aez_bundle_main": {
			"type": "script",
			"global": true,
			"path": "files/f086925699839f7a9594.js",
			"virtualPath": "script/aez_bundle_main.js"
		}
	},
	"moduleMainScripts": {},
	"environment": {
		"sandbox-runtime": "3",
		"nicolive": {
			"supportedModes": [
				"ranking"
			],
			"preferredSessionParameters": {
				"totalTimeLimit": 20
			}
		},
		"external": {
			"send": "0"
		},
		"akashic-runtime": {
			"version": "~3.7.19-0",
			"flavor": "-canvas"
		}
	},
	"exportZipInfo": {
		"version": "1.8.38",
		"option": {
			"strip": true,
			"babel": true,
			"hashFilename": true,
			"targetService": "nicolive",
			"nicolive": true
		}
	},
	"globalScripts": []
}