{
	"width": 1280,
	"height": 550,
	"fps": 10,
	"main": "./script/aez_bundle_main.js",
	"assets": {
		"main1": {
			"type": "image",
			"width": 346,
			"height": 550,
			"path": "files/9c6cc75bdf8d118a2a0d.jpg",
			"hint": {
				"untainted": true
			},
			"virtualPath": "image/main (1).jpg"
		},
		"main2": {
			"type": "image",
			"width": 346,
			"height": 550,
			"path": "files/f5d43938cbad5dc9aada.jpg",
			"hint": {
				"untainted": true
			},
			"virtualPath": "image/main (2).jpg"
		},
		"main3": {
			"type": "image",
			"width": 346,
			"height": 550,
			"path": "files/f18c49b4cbd6db7e852a.jpg",
			"hint": {
				"untainted": true
			},
			"virtualPath": "image/main (3).jpg"
		},
		"main4": {
			"type": "image",
			"width": 346,
			"height": 550,
			"path": "files/eccc298de54b6f977b0e.jpg",
			"hint": {
				"untainted": true
			},
			"virtualPath": "image/main (4).jpg"
		},
		"main5": {
			"type": "image",
			"width": 346,
			"height": 550,
			"path": "files/db663cd22a2f0ee59113.jpg",
			"hint": {
				"untainted": true
			},
			"virtualPath": "image/main (5).jpg"
		},
		"main6": {
			"type": "image",
			"width": 346,
			"height": 550,
			"path": "files/9b208381b5d40ba7b4aa.jpg",
			"hint": {
				"untainted": true
			},
			"virtualPath": "image/main (6).jpg"
		},
		"main7": {
			"type": "image",
			"width": 346,
			"height": 550,
			"path": "files/b16d54d9d3a531eb487a.jpg",
			"hint": {
				"untainted": true
			},
			"virtualPath": "image/main (7).jpg"
		},
		"main8": {
			"type": "image",
			"width": 346,
			"height": 550,
			"path": "files/e74600273b3b5b166a09.jpg",
			"hint": {
				"untainted": true
			},
			"virtualPath": "image/main (8).jpg"
		},
		"main9": {
			"type": "image",
			"width": 346,
			"height": 550,
			"path": "files/d0f6736cffa9ff367616.jpg",
			"hint": {
				"untainted": true
			},
			"virtualPath": "image/main (9).jpg"
		},
		"main10": {
			"type": "image",
			"width": 346,
			"height": 550,
			"path": "files/830b717c15a6eef263fb.jpg",
			"hint": {
				"untainted": true
			},
			"virtualPath": "image/main (10).jpg"
		},
		"main11": {
			"type": "image",
			"width": 346,
			"height": 550,
			"path": "files/3a5ea6cc189ac94b7f9f.jpg",
			"hint": {
				"untainted": true
			},
			"virtualPath": "image/main (11).jpg"
		},
		"main12": {
			"type": "image",
			"width": 346,
			"height": 550,
			"path": "files/6b97b4832363ad6517ed.jpg",
			"hint": {
				"untainted": true
			},
			"virtualPath": "image/main (12).jpg"
		},
		"main13": {
			"type": "image",
			"width": 346,
			"height": 550,
			"path": "files/c255672b7f0102515e4e.jpg",
			"hint": {
				"untainted": true
			},
			"virtualPath": "image/main (13).jpg"
		},
		"main14": {
			"type": "image",
			"width": 346,
			"height": 550,
			"path": "files/71ee82504e7e4081905b.jpg",
			"hint": {
				"untainted": true
			},
			"virtualPath": "image/main (14).jpg"
		},
		"main15": {
			"type": "image",
			"width": 346,
			"height": 550,
			"path": "files/8359afbbf8445d0951c4.jpg",
			"hint": {
				"untainted": true
			},
			"virtualPath": "image/main (15).jpg"
		},
		"main16": {
			"type": "image",
			"width": 346,
			"height": 550,
			"path": "files/4241c4b04386fc9ec8cc.jpg",
			"hint": {
				"untainted": true
			},
			"virtualPath": "image/main (16).jpg"
		},
		"main17": {
			"type": "image",
			"width": 346,
			"height": 550,
			"path": "files/741e5f17ccba70dad644.jpg",
			"hint": {
				"untainted": true
			},
			"virtualPath": "image/main (17).jpg"
		},
		"main18": {
			"type": "image",
			"width": 346,
			"height": 550,
			"path": "files/7ae9a8eef37a2a3328cd.jpg",
			"hint": {
				"untainted": true
			},
			"virtualPath": "image/main (18).jpg"
		},
		"main19": {
			"type": "image",
			"width": 346,
			"height": 550,
			"path": "files/825e6484353aa24e21ae.jpg",
			"hint": {
				"untainted": true
			},
			"virtualPath": "image/main (19).jpg"
		},
		"main20": {
			"type": "image",
			"width": 346,
			"height": 550,
			"path": "files/01d0a2a05d7553ca624b.jpg",
			"hint": {
				"untainted": true
			},
			"virtualPath": "image/main (20).jpg"
		},
		"main21": {
			"type": "image",
			"width": 346,
			"height": 550,
			"path": "files/bc0109d93e81138eeaed.jpg",
			"hint": {
				"untainted": true
			},
			"virtualPath": "image/main (21).jpg"
		},
		"main22": {
			"type": "image",
			"width": 346,
			"height": 550,
			"path": "files/83b0fbc41d9de1b41358.jpg",
			"hint": {
				"untainted": true
			},
			"virtualPath": "image/main (22).jpg"
		},
		"main23": {
			"type": "image",
			"width": 346,
			"height": 550,
			"path": "files/f94d40ca229d26bd31a2.jpg",
			"hint": {
				"untainted": true
			},
			"virtualPath": "image/main (23).jpg"
		},
		"main24": {
			"type": "image",
			"width": 346,
			"height": 550,
			"path": "files/c443ae822751eb6879eb.jpg",
			"hint": {
				"untainted": true
			},
			"virtualPath": "image/main (24).jpg"
		},
		"main25": {
			"type": "image",
			"width": 346,
			"height": 550,
			"path": "files/f1acab40076409487ea4.jpg",
			"hint": {
				"untainted": true
			},
			"virtualPath": "image/main (25).jpg"
		},
		"main26": {
			"type": "image",
			"width": 346,
			"height": 550,
			"path": "files/d9eb5565eadd489b2090.jpg",
			"hint": {
				"untainted": true
			},
			"virtualPath": "image/main (26).jpg"
		},
		"main27": {
			"type": "image",
			"width": 346,
			"height": 550,
			"path": "files/d21160c1846513872976.jpg",
			"hint": {
				"untainted": true
			},
			"virtualPath": "image/main (27).jpg"
		},
		"main28": {
			"type": "image",
			"width": 346,
			"height": 550,
			"path": "files/18cb8f89add75d62b7d6.jpg",
			"hint": {
				"untainted": true
			},
			"virtualPath": "image/main (28).jpg"
		},
		"main29": {
			"type": "image",
			"width": 346,
			"height": 550,
			"path": "files/f135c5c2f0220b87e67c.jpg",
			"hint": {
				"untainted": true
			},
			"virtualPath": "image/main (29).jpg"
		},
		"main30": {
			"type": "image",
			"width": 346,
			"height": 550,
			"path": "files/6a887d02ba802029e39e.jpg",
			"hint": {
				"untainted": true
			},
			"virtualPath": "image/main (30).jpg"
		},
		"main31": {
			"type": "image",
			"width": 346,
			"height": 550,
			"path": "files/96a64e88d44ec6355934.jpg",
			"hint": {
				"untainted": true
			},
			"virtualPath": "image/main (31).jpg"
		},
		"main32": {
			"type": "image",
			"width": 346,
			"height": 550,
			"path": "files/8e4c79d24d0efa9875d2.jpg",
			"hint": {
				"untainted": true
			},
			"virtualPath": "image/main (32).jpg"
		},
		"main33": {
			"type": "image",
			"width": 346,
			"height": 550,
			"path": "files/1ea353c6f159e7e75dcb.jpg",
			"hint": {
				"untainted": true
			},
			"virtualPath": "image/main (33).jpg"
		},
		"main34": {
			"type": "image",
			"width": 346,
			"height": 550,
			"path": "files/80b6d01a917f6d763996.jpg",
			"hint": {
				"untainted": true
			},
			"virtualPath": "image/main (34).jpg"
		},
		"main35": {
			"type": "image",
			"width": 346,
			"height": 550,
			"path": "files/a3731b4fea446556f537.jpg",
			"hint": {
				"untainted": true
			},
			"virtualPath": "image/main (35).jpg"
		},
		"main36": {
			"type": "image",
			"width": 346,
			"height": 550,
			"path": "files/3c384630518afe77953a.jpg",
			"hint": {
				"untainted": true
			},
			"virtualPath": "image/main (36).jpg"
		},
		"main37": {
			"type": "image",
			"width": 346,
			"height": 550,
			"path": "files/8dd27ed63f924a577fb8.jpg",
			"hint": {
				"untainted": true
			},
			"virtualPath": "image/main (37).jpg"
		},
		"main38": {
			"type": "image",
			"width": 346,
			"height": 550,
			"path": "files/ed3062b7518207e72f48.jpg",
			"hint": {
				"untainted": true
			},
			"virtualPath": "image/main (38).jpg"
		},
		"main39": {
			"type": "image",
			"width": 346,
			"height": 550,
			"path": "files/eee99a800924f6fc4bda.jpg",
			"hint": {
				"untainted": true
			},
			"virtualPath": "image/main (39).jpg"
		},
		"main40": {
			"type": "image",
			"width": 346,
			"height": 550,
			"path": "files/2cbbb7f1288332d6d443.jpg",
			"hint": {
				"untainted": true
			},
			"virtualPath": "image/main (40).jpg"
		},
		"main41": {
			"type": "image",
			"width": 346,
			"height": 550,
			"path": "files/563ba0775c8e883e591e.jpg",
			"hint": {
				"untainted": true
			},
			"virtualPath": "image/main (41).jpg"
		},
		"main42": {
			"type": "image",
			"width": 346,
			"height": 550,
			"path": "files/aaf798516e191c0aaca3.jpg",
			"hint": {
				"untainted": true
			},
			"virtualPath": "image/main (42).jpg"
		},
		"main43": {
			"type": "image",
			"width": 346,
			"height": 550,
			"path": "files/3178642ed1fd0d141005.jpg",
			"hint": {
				"untainted": true
			},
			"virtualPath": "image/main (43).jpg"
		},
		"main44": {
			"type": "image",
			"width": 346,
			"height": 550,
			"path": "files/0ee9ca2a17c56f60372a.jpg",
			"hint": {
				"untainted": true
			},
			"virtualPath": "image/main (44).jpg"
		},
		"main45": {
			"type": "image",
			"width": 346,
			"height": 550,
			"path": "files/27d83faa7f9a0bd439f8.jpg",
			"hint": {
				"untainted": true
			},
			"virtualPath": "image/main (45).jpg"
		},
		"main46": {
			"type": "image",
			"width": 346,
			"height": 550,
			"path": "files/57d86c554a46d1dd98f3.jpg",
			"hint": {
				"untainted": true
			},
			"virtualPath": "image/main (46).jpg"
		},
		"main47": {
			"type": "image",
			"width": 346,
			"height": 550,
			"path": "files/56a72fa5ed1db9384382.jpg",
			"hint": {
				"untainted": true
			},
			"virtualPath": "image/main (47).jpg"
		},
		"main48": {
			"type": "image",
			"width": 346,
			"height": 550,
			"path": "files/2297bd7da3de4350f236.jpg",
			"hint": {
				"untainted": true
			},
			"virtualPath": "image/main (48).jpg"
		},
		"main49": {
			"type": "image",
			"width": 346,
			"height": 550,
			"path": "files/72fffb816b51d32b012a.jpg",
			"hint": {
				"untainted": true
			},
			"virtualPath": "image/main (49).jpg"
		},
		"main50": {
			"type": "image",
			"width": 346,
			"height": 550,
			"path": "files/b3b2c892b0a8ebc44a1c.jpg",
			"hint": {
				"untainted": true
			},
			"virtualPath": "image/main (50).jpg"
		},
		"main51": {
			"type": "image",
			"width": 346,
			"height": 550,
			"path": "files/aa4e8f4266af6e15cae3.jpg",
			"hint": {
				"untainted": true
			},
			"virtualPath": "image/main (51).jpg"
		},
		"main52": {
			"type": "image",
			"width": 346,
			"height": 550,
			"path": "files/6cafb0d7f5d66c18a376.jpg",
			"hint": {
				"untainted": true
			},
			"virtualPath": "image/main (52).jpg"
		},
		"main53": {
			"type": "image",
			"width": 346,
			"height": 550,
			"path": "files/6435d7aef256f84b4548.jpg",
			"hint": {
				"untainted": true
			},
			"virtualPath": "image/main (53).jpg"
		},
		"main54": {
			"type": "image",
			"width": 346,
			"height": 550,
			"path": "files/dd4e90c230dc3ccf2f74.jpg",
			"hint": {
				"untainted": true
			},
			"virtualPath": "image/main (54).jpg"
		},
		"main55": {
			"type": "image",
			"width": 346,
			"height": 550,
			"path": "files/00f2cc9d3d07f15a01c7.jpg",
			"hint": {
				"untainted": true
			},
			"virtualPath": "image/main (55).jpg"
		},
		"main56": {
			"type": "image",
			"width": 346,
			"height": 550,
			"path": "files/ca4ce075be0aa355f1e4.jpg",
			"hint": {
				"untainted": true
			},
			"virtualPath": "image/main (56).jpg"
		},
		"main57": {
			"type": "image",
			"width": 346,
			"height": 550,
			"path": "files/8d3a527351354d2799ac.jpg",
			"hint": {
				"untainted": true
			},
			"virtualPath": "image/main (57).jpg"
		},
		"main58": {
			"type": "image",
			"width": 346,
			"height": 550,
			"path": "files/d81d0153c7137f4a9d76.jpg",
			"hint": {
				"untainted": true
			},
			"virtualPath": "image/main (58).jpg"
		},
		"main59": {
			"type": "image",
			"width": 346,
			"height": 550,
			"path": "files/558e12e50786b886ef54.jpg",
			"hint": {
				"untainted": true
			},
			"virtualPath": "image/main (59).jpg"
		},
		"main60": {
			"type": "image",
			"width": 346,
			"height": 550,
			"path": "files/95023c793caa3d5f84a4.jpg",
			"hint": {
				"untainted": true
			},
			"virtualPath": "image/main (60).jpg"
		},
		"main61": {
			"type": "image",
			"width": 346,
			"height": 550,
			"path": "files/abc069058c17222e3cba.jpg",
			"hint": {
				"untainted": true
			},
			"virtualPath": "image/main (61).jpg"
		},
		"main62": {
			"type": "image",
			"width": 346,
			"height": 550,
			"path": "files/1b2381c1992086921f5d.jpg",
			"hint": {
				"untainted": true
			},
			"virtualPath": "image/main (62).jpg"
		},
		"main63": {
			"type": "image",
			"width": 346,
			"height": 550,
			"path": "files/24a401cdfaaa2983c47b.jpg",
			"hint": {
				"untainted": true
			},
			"virtualPath": "image/main (63).jpg"
		},
		"main64": {
			"type": "image",
			"width": 346,
			"height": 550,
			"path": "files/870852293761e1a6e760.jpg",
			"hint": {
				"untainted": true
			},
			"virtualPath": "image/main (64).jpg"
		},
		"main65": {
			"type": "image",
			"width": 346,
			"height": 550,
			"path": "files/edcdcf79fbd5e1144cf6.jpg",
			"hint": {
				"untainted": true
			},
			"virtualPath": "image/main (65).jpg"
		},
		"main66": {
			"type": "image",
			"width": 346,
			"height": 550,
			"path": "files/17e2ee333eadac867bcc.jpg",
			"hint": {
				"untainted": true
			},
			"virtualPath": "image/main (66).jpg"
		},
		"main67": {
			"type": "image",
			"width": 346,
			"height": 550,
			"path": "files/55978520bf0369876933.jpg",
			"hint": {
				"untainted": true
			},
			"virtualPath": "image/main (67).jpg"
		},
		"main68": {
			"type": "image",
			"width": 346,
			"height": 550,
			"path": "files/b102cf6aa8ba919b3290.jpg",
			"hint": {
				"untainted": true
			},
			"virtualPath": "image/main (68).jpg"
		},
		"main69": {
			"type": "image",
			"width": 346,
			"height": 550,
			"path": "files/87dc0ab6cbcc63f8a5f7.jpg",
			"hint": {
				"untainted": true
			},
			"virtualPath": "image/main (69).jpg"
		},
		"main70": {
			"type": "image",
			"width": 346,
			"height": 550,
			"path": "files/d0db7121337ba5d65be8.jpg",
			"hint": {
				"untainted": true
			},
			"virtualPath": "image/main (70).jpg"
		},
		"main71": {
			"type": "image",
			"width": 346,
			"height": 550,
			"path": "files/1f500d023520201d8ad9.jpg",
			"hint": {
				"untainted": true
			},
			"virtualPath": "image/main (71).jpg"
		},
		"main72": {
			"type": "image",
			"width": 346,
			"height": 550,
			"path": "files/24957b9ce81e55cc7d6a.jpg",
			"hint": {
				"untainted": true
			},
			"virtualPath": "image/main (72).jpg"
		},
		"main73": {
			"type": "image",
			"width": 346,
			"height": 550,
			"path": "files/c879c3982bb0f6372935.jpg",
			"hint": {
				"untainted": true
			},
			"virtualPath": "image/main (73).jpg"
		},
		"main74": {
			"type": "image",
			"width": 346,
			"height": 550,
			"path": "files/f31b5586e323e455c347.jpg",
			"hint": {
				"untainted": true
			},
			"virtualPath": "image/main (74).jpg"
		},
		"main75": {
			"type": "image",
			"width": 346,
			"height": 550,
			"path": "files/c0d6daf4fe87d05273cc.jpg",
			"hint": {
				"untainted": true
			},
			"virtualPath": "image/main (75).jpg"
		},
		"main76": {
			"type": "image",
			"width": 346,
			"height": 550,
			"path": "files/80099b43d644112cffc6.jpg",
			"hint": {
				"untainted": true
			},
			"virtualPath": "image/main (76).jpg"
		},
		"main77": {
			"type": "image",
			"width": 346,
			"height": 550,
			"path": "files/3f86a8bb1702c44d8db4.jpg",
			"hint": {
				"untainted": true
			},
			"virtualPath": "image/main (77).jpg"
		},
		"main78": {
			"type": "image",
			"width": 346,
			"height": 550,
			"path": "files/da4123671526b98fc4b1.jpg",
			"hint": {
				"untainted": true
			},
			"virtualPath": "image/main (78).jpg"
		},
		"main79": {
			"type": "image",
			"width": 346,
			"height": 550,
			"path": "files/a8c10eca30c09e32fa9c.jpg",
			"hint": {
				"untainted": true
			},
			"virtualPath": "image/main (79).jpg"
		},
		"main80": {
			"type": "image",
			"width": 346,
			"height": 550,
			"path": "files/6afab75bae6d910fe1a1.jpg",
			"hint": {
				"untainted": true
			},
			"virtualPath": "image/main (80).jpg"
		},
		"main81": {
			"type": "image",
			"width": 346,
			"height": 550,
			"path": "files/6255acfc272d0c973eb6.jpg",
			"hint": {
				"untainted": true
			},
			"virtualPath": "image/main (81).jpg"
		},
		"main82": {
			"type": "image",
			"width": 346,
			"height": 550,
			"path": "files/049bed792e1c4a2a400c.jpg",
			"hint": {
				"untainted": true
			},
			"virtualPath": "image/main (82).jpg"
		},
		"main83": {
			"type": "image",
			"width": 346,
			"height": 550,
			"path": "files/bab1ca7f66b991d71d6a.jpg",
			"hint": {
				"untainted": true
			},
			"virtualPath": "image/main (83).jpg"
		},
		"main84": {
			"type": "image",
			"width": 346,
			"height": 550,
			"path": "files/52f8dc466ef8ce2085d4.jpg",
			"hint": {
				"untainted": true
			},
			"virtualPath": "image/main (84).jpg"
		},
		"main85": {
			"type": "image",
			"width": 346,
			"height": 550,
			"path": "files/73223688e499685dc95c.jpg",
			"hint": {
				"untainted": true
			},
			"virtualPath": "image/main (85).jpg"
		},
		"main86": {
			"type": "image",
			"width": 346,
			"height": 550,
			"path": "files/daeda9fc57e2f9e9ffb4.jpg",
			"hint": {
				"untainted": true
			},
			"virtualPath": "image/main (86).jpg"
		},
		"main87": {
			"type": "image",
			"width": 346,
			"height": 550,
			"path": "files/2616d80961e9e03939cf.jpg",
			"hint": {
				"untainted": true
			},
			"virtualPath": "image/main (87).jpg"
		},
		"main88": {
			"type": "image",
			"width": 346,
			"height": 550,
			"path": "files/8bfa724d63d1fcbb4da2.jpg",
			"hint": {
				"untainted": true
			},
			"virtualPath": "image/main (88).jpg"
		},
		"main89": {
			"type": "image",
			"width": 346,
			"height": 550,
			"path": "files/2a868a56356d86719b04.jpg",
			"hint": {
				"untainted": true
			},
			"virtualPath": "image/main (89).jpg"
		},
		"main90": {
			"type": "image",
			"width": 346,
			"height": 550,
			"path": "files/dc6c9da56c1675641623.jpg",
			"hint": {
				"untainted": true
			},
			"virtualPath": "image/main (90).jpg"
		},
		"main91": {
			"type": "image",
			"width": 346,
			"height": 550,
			"path": "files/05245dcf8ce2793d3b39.jpg",
			"hint": {
				"untainted": true
			},
			"virtualPath": "image/main (91).jpg"
		},
		"main92": {
			"type": "image",
			"width": 346,
			"height": 550,
			"path": "files/a5e97584641948b37483.jpg",
			"hint": {
				"untainted": true
			},
			"virtualPath": "image/main (92).jpg"
		},
		"main93": {
			"type": "image",
			"width": 346,
			"height": 550,
			"path": "files/55fbbd90c987274ee93e.jpg",
			"hint": {
				"untainted": true
			},
			"virtualPath": "image/main (93).jpg"
		},
		"main94": {
			"type": "image",
			"width": 346,
			"height": 550,
			"path": "files/b8b442d8112c65f4616e.jpg",
			"hint": {
				"untainted": true
			},
			"virtualPath": "image/main (94).jpg"
		},
		"main95": {
			"type": "image",
			"width": 346,
			"height": 550,
			"path": "files/c6cb51d82d45d2876ca5.jpg",
			"hint": {
				"untainted": true
			},
			"virtualPath": "image/main (95).jpg"
		},
		"main96": {
			"type": "image",
			"width": 346,
			"height": 550,
			"path": "files/e5d8e41429c1afdcd7ea.jpg",
			"hint": {
				"untainted": true
			},
			"virtualPath": "image/main (96).jpg"
		},
		"main97": {
			"type": "image",
			"width": 346,
			"height": 550,
			"path": "files/b02b3a0c3ccbac3c4323.jpg",
			"hint": {
				"untainted": true
			},
			"virtualPath": "image/main (97).jpg"
		},
		"main98": {
			"type": "image",
			"width": 346,
			"height": 550,
			"path": "files/5e1358a76429e2d72637.jpg",
			"hint": {
				"untainted": true
			},
			"virtualPath": "image/main (98).jpg"
		},
		"main99": {
			"type": "image",
			"width": 346,
			"height": 550,
			"path": "files/55d07ad30f47a809066c.jpg",
			"hint": {
				"untainted": true
			},
			"virtualPath": "image/main (99).jpg"
		},
		"main100": {
			"type": "image",
			"width": 346,
			"height": 550,
			"path": "files/f91fb7a14a70e857c347.jpg",
			"hint": {
				"untainted": true
			},
			"virtualPath": "image/main (100).jpg"
		},
		"main101": {
			"type": "image",
			"width": 346,
			"height": 550,
			"path": "files/42ebc6311ca0ee32f072.jpg",
			"hint": {
				"untainted": true
			},
			"virtualPath": "image/main (101).jpg"
		},
		"main102": {
			"type": "image",
			"width": 346,
			"height": 550,
			"path": "files/871cf0ccc499900ba434.jpg",
			"hint": {
				"untainted": true
			},
			"virtualPath": "image/main (102).jpg"
		},
		"main103": {
			"type": "image",
			"width": 346,
			"height": 550,
			"path": "files/e84e3aaaeb7fa05d087c.jpg",
			"hint": {
				"untainted": true
			},
			"virtualPath": "image/main (103).jpg"
		},
		"main104": {
			"type": "image",
			"width": 346,
			"height": 550,
			"path": "files/67a9959efd1b2ddb5ce8.jpg",
			"hint": {
				"untainted": true
			},
			"virtualPath": "image/main (104).jpg"
		},
		"main105": {
			"type": "image",
			"width": 346,
			"height": 550,
			"path": "files/072ae92d7fdaae8c14f0.jpg",
			"hint": {
				"untainted": true
			},
			"virtualPath": "image/main (105).jpg"
		},
		"main106": {
			"type": "image",
			"width": 346,
			"height": 550,
			"path": "files/25d475da13f10d81bb52.jpg",
			"hint": {
				"untainted": true
			},
			"virtualPath": "image/main (106).jpg"
		},
		"main107": {
			"type": "image",
			"width": 346,
			"height": 550,
			"path": "files/12e6a90b1d1b9bf4c6f1.jpg",
			"hint": {
				"untainted": true
			},
			"virtualPath": "image/main (107).jpg"
		},
		"main108": {
			"type": "image",
			"width": 346,
			"height": 550,
			"path": "files/1156681656c2a99c4fe6.jpg",
			"hint": {
				"untainted": true
			},
			"virtualPath": "image/main (108).jpg"
		},
		"main109": {
			"type": "image",
			"width": 346,
			"height": 550,
			"path": "files/16223a9d621f2c511418.jpg",
			"hint": {
				"untainted": true
			},
			"virtualPath": "image/main (109).jpg"
		},
		"main110": {
			"type": "image",
			"width": 346,
			"height": 550,
			"path": "files/6a6389cc74fd9b1574dc.jpg",
			"hint": {
				"untainted": true
			},
			"virtualPath": "image/main (110).jpg"
		},
		"main111": {
			"type": "image",
			"width": 346,
			"height": 550,
			"path": "files/ca612ddd82dec7d7a337.jpg",
			"hint": {
				"untainted": true
			},
			"virtualPath": "image/main (111).jpg"
		},
		"main112": {
			"type": "image",
			"width": 346,
			"height": 550,
			"path": "files/1f41cd22aa90960c145d.jpg",
			"hint": {
				"untainted": true
			},
			"virtualPath": "image/main (112).jpg"
		},
		"main113": {
			"type": "image",
			"width": 346,
			"height": 550,
			"path": "files/235650fa0019c9737b13.jpg",
			"hint": {
				"untainted": true
			},
			"virtualPath": "image/main (113).jpg"
		},
		"main114": {
			"type": "image",
			"width": 346,
			"height": 550,
			"path": "files/924d873af642ba8a51bc.jpg",
			"hint": {
				"untainted": true
			},
			"virtualPath": "image/main (114).jpg"
		},
		"main115": {
			"type": "image",
			"width": 346,
			"height": 550,
			"path": "files/4a72666b872e13ebeaba.jpg",
			"hint": {
				"untainted": true
			},
			"virtualPath": "image/main (115).jpg"
		},
		"main116": {
			"type": "image",
			"width": 346,
			"height": 550,
			"path": "files/33662202dd5d0bddd7c6.jpg",
			"hint": {
				"untainted": true
			},
			"virtualPath": "image/main (116).jpg"
		},
		"main117": {
			"type": "image",
			"width": 346,
			"height": 550,
			"path": "files/d41ea06a6478398a6ba6.jpg",
			"hint": {
				"untainted": true
			},
			"virtualPath": "image/main (117).jpg"
		},
		"main118": {
			"type": "image",
			"width": 346,
			"height": 550,
			"path": "files/d90696305b78024b9ff7.jpg",
			"hint": {
				"untainted": true
			},
			"virtualPath": "image/main (118).jpg"
		},
		"main119": {
			"type": "image",
			"width": 346,
			"height": 550,
			"path": "files/e62b0437b9ccf10475ef.jpg",
			"hint": {
				"untainted": true
			},
			"virtualPath": "image/main (119).jpg"
		},
		"main120": {
			"type": "image",
			"width": 346,
			"height": 550,
			"path": "files/896a9f33ea3ec79d3d3c.jpg",
			"hint": {
				"untainted": true
			},
			"virtualPath": "image/main (120).jpg"
		},
		"main121": {
			"type": "image",
			"width": 346,
			"height": 550,
			"path": "files/4aa3e4901383f800aad9.jpg",
			"hint": {
				"untainted": true
			},
			"virtualPath": "image/main (121).jpg"
		},
		"main122": {
			"type": "image",
			"width": 346,
			"height": 550,
			"path": "files/ea2ca5130a95c1c43043.jpg",
			"hint": {
				"untainted": true
			},
			"virtualPath": "image/main (122).jpg"
		},
		"main123": {
			"type": "image",
			"width": 346,
			"height": 550,
			"path": "files/01578e33110b01534539.jpg",
			"hint": {
				"untainted": true
			},
			"virtualPath": "image/main (123).jpg"
		},
		"main124": {
			"type": "image",
			"width": 346,
			"height": 550,
			"path": "files/f876a91c04d41cec9ee0.jpg",
			"hint": {
				"untainted": true
			},
			"virtualPath": "image/main (124).jpg"
		},
		"main125": {
			"type": "image",
			"width": 346,
			"height": 550,
			"path": "files/b20098852467cce9cf64.jpg",
			"hint": {
				"untainted": true
			},
			"virtualPath": "image/main (125).jpg"
		},
		"main126": {
			"type": "image",
			"width": 346,
			"height": 550,
			"path": "files/c95425671e914a7d5f02.jpg",
			"hint": {
				"untainted": true
			},
			"virtualPath": "image/main (126).jpg"
		},
		"se_finish": {
			"type": "audio",
			"path": "files/1a2783b24718e7b31c12",
			"systemId": "sound",
			"duration": 1080,
			"virtualPath": "audio/se_finish"
		},
		"aez_bundle_main": {
			"type": "script",
			"global": true,
			"path": "files/f086925699839f7a9594.js",
			"virtualPath": "script/aez_bundle_main.js"
		}
	},
	"moduleMainScripts": {},
	"environment": {
		"sandbox-runtime": "3",
		"nicolive": {
			"supportedModes": [
				"ranking"
			],
			"preferredSessionParameters": {
				"totalTimeLimit": 20
			}
		},
		"external": {
			"send": "0"
		},
		"akashic-runtime": {
			"version": "~3.7.4-0",
			"flavor": "-canvas"
		}
	},
	"exportZipInfo": {
		"version": "1.8.38",
		"option": {
			"strip": true,
			"babel": true,
			"hashFilename": true,
			"targetService": "nicolive",
			"nicolive": true
		}
	},
	"globalScripts": []
}